content_id,title,content_type,audience,problem,core_point,supporting_points,example,cta,source,source_detail,channel_fit,recommended_reuse_gap,status,email_compatible,created_at,last_used_at,times_used,notes
C001,Why Your SEO Audit Finds More Problems Than You Expected,SEO Problem,首次跑技术审计的小站站长,第一次跑审计会看到几十条问题，容易被数量吓到，不知道哪些真的影响抓取与收录，于是干脆一条都不动。,审计的价值不是问题总数，而是哪些问题落在会被抓取、被收录、被点击的页面上；先按问题类型与受影响页面收敛，再决定先修什么。,问题应按类别分组看：标题、描述、链接、索引、结构化数据、性能 | 成片出现的问题往往来自同一个模板，修一处覆盖多页 | 只影响单个归档页的问题放到最后 | 首页与核心落地页的权重高于历史归档页 | 修完用同一检查复跑，确认归零而不是凭感觉,如果 /pricing 与首页共用同一个 title，duplicate-title 会同时标记这两页——这是一次模板修改解决的问题，不是两个独立问题。,see_affected_pages,Product,SeeO 技术审计的检查项与受影响页面清单,reddit | linkedin | email,21,Ready,yes,2026-09-28,,0,适合作为新用户第一课；可与 C008 形成「先看哪类 → 怎么看」的组合
C002,What a Missing Canonical Actually Does to Your Site,SEO Education,带参数页、分页页较多的站点运营,很多人不知道 canonical 缺失到底会造成什么后果，把它当成小问题长期放过，尤其是带参数、分页与大小写变体的 URL。,canonical 的作用是指定规范版本；一旦缺失，选择权交给搜索引擎，权重可能被分给带参数的副本，你真正想排名的页面反而拿不到信号。,canonical 缺失与 canonical 冲突是两个不同的检查结果 | 带追踪参数、分页、打印视图的 URL 最常出问题 | 自指 canonical 不是冗余，是明确声明 | 用 missing-canonical 定位受影响页面，看是否集中在某类模板 | 修正后需要等待重新抓取，不能当天判断结果,商品列表页因为排序参数 ?sort= 产生多份内容相同的 URL，missing-canonical 会把它们逐条列出来。,see_affected_pages,SEO Knowledge,,reddit | linkedin | email,30,Ready,yes,2026-09-28,,0,
C003,Duplicate Titles Are More Than a Metadata Problem,SEO Problem,模板化页面较多的站点（电商、目录、SaaS 落地页）,重复标题常被当成顺手改文案的小事，实际上它通常暴露的是模板层问题：一批页面共用了同一套标题。,重复标题是症状，根因多在生成页面的模板；只改单页，下次批量生成时会复发。,duplicate-title 通常成对出现，能定位到具体模板 | 程序化生成的落地页最容易命中 | 分页与筛选页需要单独的标题策略 | 修在模板层才能一次覆盖全站 | 复跑同一检查确认重复数归零,分类页全部输出「站名 | 产品」，于是所有分类页彼此重复，duplicate-title 成片命中。,see_affected_pages,Audit Pattern,多次审计中反复出现的模板层标题重复模式,reddit | linkedin | x,21,Ready,yes,2026-09-28,,0,
C004,Why Pages With Traffic Still Fail to Rank for the Query You Want,Website Growth,有自然流量但目标词排不上去的站点,有些页面有自然流量却始终拿不到目标查询的排名，于是被误判成页面质量不行，开始盲目重写。,流量和排名是两件事：页面可能靠别的查询拿到流量，而目标查询的搜索意图与当前内容并不匹配。,先分清哪些查询在带来流量、哪些才是你的目标查询 | 检查标题与 H1 是否对准目标查询的意图 | 内容主题偏离时优先换词，而不是硬改现有页面 | 用关键词扩展看目标词的变体与邻近意图 | 用排名跟踪盯目标查询，而不是盯总流量,一篇讲 technical SEO audit 的指南拿到了 seo checklist 的流量，却排不上 technical seo audit——标题结构没有对准后者的意图。,track_change,Search Intent,,reddit | linkedin | email,21,Ready,yes,2026-09-28,,0,
C005,How to Decide Which SEO Issues to Fix First,SEO Problem,拿到审计报告但不知从何下手的执行者,审计报告按抓取顺序或字母列问题，但没人告诉你「先修哪一条收益最大」，于是修了很多却不解决核心问题。,排序依据应该是「该问题是否挡住抓取、收录或点击」，而不是问题数量或出现顺序。,能挡住全站抓取的规则类问题优先（robots、站不可达） | 整类重复的问题优先，因为一次修改覆盖多页 | 核心落地页的问题高于归档页 | 每次只修一批，保持可归因 | 修完必须能复跑验证，否则无法判断是否有效,robots-blocks-important 会直接挡掉重要路径，优先级高于任何文案类问题，因为它让修改本身失去意义。,read_docs,Product,SeeO 审计的检查分类与优先级口径,reddit | linkedin | x,30,Ready,yes,2026-09-28,,0,
C006,"Why “No Indexed Pages” Is Usually a Crawling Problem, Not a Content Problem",SEO Problem,发现站点迟迟不收录的站长与内容团队,发现搜索里几乎没有页面被收录时，第一反应是多写内容，但多数情况下问题出在抓取与索引层。,收录失败通常来自 robots、sitemap、canonical 与内链结构，而不是内容量不足。,先确认 robots 可达且没有挡住重要路径 | 确认 sitemap 有效并包含真实可访问的 URL | 检查是否存在完全没有内链的孤立页面 | 检查页面层级是否过深 | 以上都排除之后，再谈内容的覆盖度,sitemap 里写了会 301 的旧 URL，会让搜索引擎反复确认跳转而不是收录新内容。,check_site,SEO Knowledge,,reddit | linkedin | email,30,Ready,yes,2026-09-28,,0,
C007,What Changed After You Fixed an SEO Issue — and How to Verify It,Audit Insight,已经改过若干问题但不确定是否生效的人,改完标题或 canonical 之后没人知道有没有生效，于是要么重复改，要么以为没用而放弃。,修改需要可验证的复跑：结构性检查归零 + 目标查询排名趋势，两套独立证据结合才能判断。,先确认对应检查项归零，这是结构性验证 | 再看目标查询的排名趋势，而不是单日数值 | 抓取与重排需要时间，不要当天判断失败 | 记录修改日期，便于与排名变化对齐 | 一次只改一批，避免无法归因,duplicate-title 归零之后，排名变化通常滞后于重新抓取——这两件事要分开看，不能混成一个结论。,track_change,Product,SeeO 排名跟踪与审计复跑的组合用法,linkedin | x | email,14,Ready,yes,2026-09-28,,0,
C008,How to Read an SEO Audit Without Getting Lost,Product Education,第一次打开审计结果的新用户,审计页信息密度很高，第一次看容易只盯着总分，忽略真正可执行的条目，然后觉得「看不出重点」。,阅读顺序应该是：先看分类分布，再看受影响页面清单，最后才看单页细节。,总分只看趋势，不看绝对值 | 分类分布告诉你系统性问题在哪一类 | 受影响页面清单决定实际工作量 | 单页问题放到最后处理 | 每次只看一类，避免一次面对全部条目,如果标题类问题集中在模板生成的页面上，说明要改模板而不是逐页修改文案。,free_audit,User Question,多位新用户反馈打开审计结果后不知道从哪一类看起（已匿名化处理）,reddit | email,21,Ready,yes,2026-09-28,,0,可作为新手引导；与 C001 组合使用
C009,Why a Redirect Chain Costs You More Than a 404,Technical SEO,做过域名迁移或改版的技术负责人,301 跳转被当成「能用就行」，但链式跳转每条都在消耗抓取预算，并且悄悄削弱内链传递的信号。,链式跳转比 404 更隐蔽：页面看起来仍然可达，但抓取器要发多次请求，内链权重也被逐跳稀释。,redirect-chain 会标出多跳链路 | redirect-loop 是需要立刻处理的死循环 | links-to-redirects 说明站内链接指向了跳转中的 URL | 修法是一次性改成直达目标 | 复跑确认链路归零,旧域名整站 301 到新域名，http 到 https 又跳一次，形成两跳链，每条内链都要走两次跳转。,see_affected_pages,Audit Pattern,多次审计中反复出现的多跳重定向模式,reddit | linkedin | email,30,Ready,yes,2026-09-28,,0,
C010,Sitemap Hygiene: The Four Failure Modes That Block Indexing,Technical SEO,把 sitemap 交给搜索引擎之后就再没看过的人,sitemap 常被当成交了就有用的文件，但它出现的每一类错误都会直接影响收录效率。,sitemap 有四类失效：不可访问、格式无效、包含坏 URL、包含会跳转的 URL，四者对应四种不同的修复动作。,no-sitemap / sitemap-invalid 属于基础可用性问题 | sitemap-bad-urls 指包含 4xx 或 5xx 的条目 | sitemap-redirects 指包含 3xx 的条目 | sitemap-coverage 用来看覆盖率缺口 | 修正后重新提交并复跑确认,把带尾斜杠与不带尾斜杠的同一 URL 同时写进 sitemap，会造成重复条目与部分跳转条目。,check_site,SEO Knowledge,,reddit | linkedin | email,30,Ready,yes,2026-09-28,,0,
C011,Orphan Pages: The Pages Nobody Links To,Technical SEO,内容持续增加但从不互链的站点,有些页面内容不错，却没有任何站内链接指向它们，只能靠 sitemap 被发现，长期拿不到权重。,孤立页缺少内链信号，通常也缺少点击路径，既难被收录也难积累权重。,orphan-pages 直接列出没有入链的 URL | zero-internal-links 是更极端的单页版本 | 用分类页与相关文章补齐内部链接 | 深层页往往与孤立页同时出现 | 补链后复跑，观察入链是否归零,一篇发布后没进入任何列表或导航的对比文章，只存在于 sitemap 中。,see_affected_pages,Audit Pattern,审计中发现的孤立页集中出现在新发布未归档的内容上,reddit | linkedin | email,21,Ready,yes,2026-09-28,,0,
C012,Slow Pages: Which Ones Actually Matter,Technical SEO,准备做性能优化的产品与技术团队,性能优化容易全站铺开，但真正影响抓取与转化的往往只是少数被高频访问的页面。,挑选顺序应按「被抓取频率 × 业务重要性」，而不是按性能评分的低分排行。,slow-page 会给出具体 URL 与响应时间 | 优先核心落地页与高频入口 | 区分首字节时间与渲染阻塞资源两类原因 | 不要一次改动整站主题或框架 | 改完复跑同一检查做前后对比,首页与 /pricing 响应变慢的影响，远大于归档页同年份的轻微慢速。,check_site,Product,SeeO 审计中的页面响应时间检查项,linkedin | email,21,Ready,no,2026-09-28,,0,
C013,robots.txt Mistakes That Silently Block Your Own Pages,Technical SEO,做过环境隔离或改过 URL 结构的人,robots 规则往往是很早以前写的，路径后来变了却没同步，于是悄悄挡住了现在的重点页面。,robots 有两类事故：文件本身不可达，以及规则与重要路径冲突——两者都会让页面看起来正常却无法被抓取。,robots-unreachable 指 robots 文件返回错误 | robots-blocks-important 指规则挡住了重要路径 | AI 抓取器访问是独立检查项，需要单独确认 | 修改后用同一检查复跑验证 | 把生产与测试环境的规则分开管理,曾经为了挡测试目录写了 Disallow: /p/，后来博客改到 /p/ 下，整站文章被挡住。,check_site,Founder Experience,自己在改版时踩过的 robots 规则漂移问题,reddit | linkedin | email,30,Ready,yes,2026-09-28,,0,
C014,How to Find Low-Competition Keywords for a Small Site,Keyword Research,预算和域名权重都有限的小站运营,小站打不过大站的高竞争词，但不知道怎么系统性地挑出还有机会排上去的词。,用长尾、意图明确、且现有结果页存在弱页面三条一起筛，而不是只按搜索量排序。,从一个种子词扩展变体开始 | 优先疑问型与比较型意图的词 | 避开纯导航词 | 检查结果页里是否有内容薄弱、可以被超越的页面 | 一个词对应一个页面，不要全部堆在同一页,「seo audit checklist」比「seo」更适合小站：意图更窄，能对应的页面也更明确。,expand_keyword,SEO Knowledge,,reddit | linkedin | email,21,Ready,yes,2026-09-28,,0,
C015,How to Separate Useful Keywords From Vanity Keywords,Keyword Research,关键词表越拉越长但转化没变化的人,关键词表越列越长，真正带来转化意图的却很少，内容方向被流量词带偏。,按「意图是否靠近决策」分类，比按搜索量排序更有指导价值。,商业意图与信息意图分开列表 | 导航词单独剔除 | 品牌词与竞品词分开处理 | 用是否已有对应落地页做交叉判断 | 定期复核意图变化,「best seo tool」与「what is technical seo」需要完全不同的落地页，混在一张表里会做出错误的内容决策。,expand_keyword,Search Intent,,linkedin | email,21,Ready,yes,2026-09-28,,0,
C016,Search Intent Mismatch: When Your Page Targets the Wrong Query,Keyword Research,有排名但转化差的页面负责人,页面有排名但转化很差，常见原因是意图错配：用户想找的是工具或对比，页面给的却是概念解释。,先确认目标查询的意图类型，再决定页面应该长成什么样，而不是先写内容再去找词。,观察该查询现有结果页的页面类型 | 工具型意图需要可直接操作的入口 | 对比型意图需要并列结构而不是段落叙述 | 概念型意图需要定义加例子 | 意图不符时优先换词或新建页面，而不是硬改,目标词是「seo audit tool」，却拿一篇纯概念文章去排，即使排上了点击后也会立刻跳出。,score_a_page,Search Intent,,reddit | linkedin | email,21,Ready,yes,2026-09-28,,0,
C017,Keyword Cannibalization: Two Pages Competing for One Query,Audit Insight,内容多的站点里负责 SEO 的人,同一个站点两篇内容争抢同一个查询，两边排名都不稳定，改哪一篇都不见效。,先在排名数据里识别重叠（同一查询下出现两个自家 URL），再决定合并、改写，还是用内链区分主次。,在排名数据中找同一查询下的多个自家 URL | 合并重叠内容通常优于继续补写 | 保留一篇作为主页面，其他页面内链指向它 | 在旧页面上更新 canonical 与内链 | 复跑观察目标查询是否稳定下来,「technical seo audit」下指南页与功能页交替出现，目标查询长期停在第二页。,track_change,User Question,用户反馈同站两篇内容争抢同一个词，两边都上不去（已匿名化处理）,reddit | linkedin | email,30,Ready,yes,2026-09-28,,0,
C018,Thin Content: Why Length Alone Isn't the Problem,Content Optimization,被「内容太短」结论困扰的内容团队,团队把「内容太短」当成唯一解释，靠增加字数解决，结果依然没有排名提升。,薄内容的本质是没有回答搜索者的问题，字数只是表象；判断标准是覆盖度，不是长度。,low-content 与 low-text-html-ratio 是两个不同信号 | 检查是否回答了查询里的子问题 | 补内容要补缺失的信息点，而不是重复已有段落 | 删掉模板里的占位文本 | 补完复跑同一检查做对比,一个八百字的分类页如果只罗列商品、没有任何用途说明与选择依据，仍然是薄内容。,score_a_page,SEO Knowledge,,reddit | linkedin | email,21,Ready,yes,2026-09-28,,0,
C019,How to Structure a Page So Search Engines Understand It,Content Optimization,内容写得不错但结构混乱的站点,内容本身不差，但页面结构混乱：没有清晰的小标题层级，也缺少语义标签，主题识别困难。,结构就是信息架构：一个主标题、分层小标题、语义标签，让页面主题可以被解析。,missing-h1 与 no-h2-h3 属于结构层问题 | semantic-html 指 section/article/nav 是否被正确使用 | 标题层级不要跳级 | 一个段落只讲一个观点 | 结构修好之后再谈文案优化,一篇指南把五个步骤塞进连续段落，没有任何小标题标识步骤边界，搜索引擎难以判断页面覆盖了哪些子主题。,score_a_page,SEO Knowledge,,linkedin | email,21,Ready,yes,2026-09-28,,0,
C020,Internal Links: The Cheapest Ranking Lever Most Sites Ignore,Content Optimization,优先做外链与堆内容的团队,团队优先投入外链与内容量，却忽略站内链接这个完全可控的信号。,内链决定权重流向与抓取深度，是唯一不需要外部资源就能改善的排名杠杆。,zero-internal-links 找出完全没有出链的页面 | orphan-pages 找出没有任何入链的页面 | 相关文章与分类页是最自然的补链位置 | 锚文本要描述目标页主题，而不是「点击这里」 | 一次补一批并复跑验证,所有文章都只链回首页、彼此不互链，导致长尾页长期没有任何入链。,see_affected_pages,Product,SeeO 审计中的内链与孤立页检查项,reddit | indie_hackers | x,30,Ready,no,2026-09-28,,0,
C021,Content Decay: When an Old Page Quietly Loses Rank,Content Optimization,有大量历史内容的站点,曾经表现不错的页面慢慢掉排名，期间没有任何明显改动，团队通常察觉太晚。,内容老化是可监测的：固定一批目标查询，看长期趋势，而不是依赖单次快照。,用排名历史而不是当日排名做判断 | 区分技术性下滑与意图漂移 | 过期信息与失效链接是常见诱因 | 更新后记录日期，便于后续归因 | 设定固定的周期性复核,一篇写着旧年份的对比页没有更新年份，随着查询意图漂移逐步下滑，但页面本身仍可正常访问。,track_change,Product,SeeO 排名历史与内容检查的组合用法,linkedin | email,30,Ready,yes,2026-09-28,,0,
C022,Why Ranking Tracking Matters After an SEO Fix,Rank Tracking,修完问题但没验证效果的执行者,修完问题之后只检查页面是否可访问，却没有验证排名是否变化，于是无法判断这次修改到底有没有价值。,排名是修改是否生效的外部验证，与检查项归零是两套互相独立的证据。,先固定一批目标查询再开始跟踪 | 关注趋势而不是单日波动 | 区分位置变化与展示量变化 | 与修改日期对齐，避免误把旧数据当结果 | 结构性检查归零是前提条件,canonical 修好之后，同一批查询在数周内位置逐步稳定，而不是当天跳变。,track_change,Product,SeeO 排名跟踪的日常使用方式,linkedin | x | email,14,Ready,yes,2026-09-28,,0,
C023,Local and Device Differences in Rankings (and Why Your Snapshot Lies),Rank Tracking,在多个地区或多个设备上做检查的团队,同一天在不同地区或不同设备看到的结果不同，团队据此得出互相矛盾的结论。,排名必须绑定地区与设备两个维度才具备可比性，否则任何比较都是噪声。,排名本身带有地区维度 | 移动端与桌面端结果并不相同 | 登录状态与个性化会影响观察结果 | 跟踪时固定地点与设备 | 前后对比时保持口径一致,某个查询桌面端排第三、移动端排第八，往往说明移动端页面体验是瓶颈，而不是排名数据出错。,track_change,Product,SeeO 排名跟踪的地区与设备维度,linkedin | email,21,Ready,no,2026-09-28,,0,
C024,What to Do When Rankings Move but Traffic Doesn't,Rank Tracking,看到排名变化但流量没动的人,排名提升了但自然流量没有变化，团队开始怀疑数据或工具出了问题。,排名与点击之间还有搜索量与点击率两个变量，必须一起看才能解释。,先确认查询本身的搜索量水平 | 检查标题与描述是否影响点击率 | 判断位置变化幅度是否足够大 | 留意结果页新增元素是否挤压了点击 | 用同一批查询做前后对比,从第十五名升到第十一名，几乎不会带来可观察的点击量变化，这不是数据错误。,track_change,SEO Knowledge,,linkedin | email,30,Ready,yes,2026-09-28,,0,
C025,How to Compare Your Rankings Against a Competitor Without Guesswork,Competitor SEO,需要向老板解释竞争差距的执行者,竞品分析常停在「他们排名比我们好」，但说不出具体差在哪些查询、哪些页面上。,对比要落到两类可执行结论：共享查询上的位置差距，以及对方覆盖而你没有覆盖的主题。,先确定双方的共享查询集合 | 找出对方覆盖、你缺失的主题方向 | 区分品牌词与通用词 | 检查页面类型差异，例如工具页与文章页 | 先挑两三个词做试点，而不是全面铺开,竞品在「seo audit tool」上有专门的工具页，而你只有一篇博客文章，页面类型本身就不在同一个竞争面。,compare_rankings,Product,SeeO 竞品分析的位置对比能力,linkedin | email,21,Ready,yes,2026-09-28,,0,
C026,Share of Voice: A Better Scoreboard Than Individual Keyword Positions,Competitor SEO,需要周期性汇报 SEO 进展的人,只盯少数几个词的排名，会忽略整体可见度的变化，也容易被单页波动带偏判断。,份额型指标能平滑单页波动，更适合作为周期性复盘的主指标。,单页排名波动大，份额趋势更稳定 | 按主题分组看份额更有指导意义 | 必须与竞品一起看才有比较意义 | 结合流量数据但不替代流量数据 | 每个周期使用同一口径复盘,某个词从第六掉到第九不一定是退步：如果同主题份额在上升，说明覆盖广度在改善。,compare_rankings,Product,SeeO 竞品份额与排名组合视图,linkedin | email,21,Ready,yes,2026-09-28,,0,
C027,SaaS SEO: Why Template Pages Need Their Own Title Strategy,SaaS SEO,有大量程序化页面与文档页的 SaaS 团队,SaaS 的营销页、文档页、程序化生成的落地页共用一套标题，导致大面积重复与意图错配。,不同模板层需要各自的标题与 canonical 规则，一个全局模板无法同时满足商业意图与信息意图。,营销页对准商业意图 | 文档页对准问题型意图 | 程序化落地页需要参数级差异化 | duplicate-title 通常集中在某一层模板 | 在模板层修复，而不是逐页修改,所有集成页标题都是「站名 | 集成」，无论集成对象是谁，整层页面彼此重复。,see_affected_pages,Product,SeeO 审计中模板层重复标题的定位方式,linkedin | indie_hackers | x | email,21,Ready,yes,2026-09-28,,0,
C028,Founder Insight: We Ship Features Faster Than We Update Our Own SEO Pages,Founder Insight,功能迭代快的早期团队,功能迭代很快，营销页与文档却停留在旧版本，导致搜索意图与产品真实能力脱节，用户进来对不上。,产品节奏与内容节奏错位是常见负债，需要固定的页面复核周期来抵消。,功能上线时同步检查相关页面 | 旧版本描述会造成搜索意图错配 | 文档页是长期且稳定的流量来源 | 每次发布留一条页面复核任务 | 用真实数据判断，而不是靠印象,定价结构改版之后，功能页仍写着旧的价格描述，用户在同一站内看到互相矛盾的信息。,read_docs,Founder Experience,自己在快速迭代中内容滞后于产品的真实经历,indie_hackers | linkedin | x | email,30,Ready,yes,2026-09-28,,0,
C029,Affiliate Sites: Why Near-Duplicate Listicles Hurt More Than You Think,Affiliate SEO,靠批量榜单页铺词的联盟站运营,联盟站靠批量榜单页覆盖关键词，页面之间高度相似，长期互相稀释，谁都上不去。,近似重复的列表页会让搜索引擎难以选出规范版本，也会稀释内链信号。,比较标题与内容结构的相似度 | duplicate-title 与 duplicate-description 往往成片出现 | 加 canonical 只是止血，不解决内容同质 | 合并同类页通常优于继续复制新页 | 保留少数高质量页并让它们互相链接,「最佳 X 工具」与「最佳 X 软件」两页内容高度重合，只有标题不同，长期彼此竞争。,score_a_page,Audit Pattern,审计中反复出现的近似重复榜单页模式,reddit | linkedin | x | email,30,Ready,yes,2026-09-28,,0,
C030,How Content Sites Can Tell Whether Their Traffic Loss Is Technical or Editorial,Website Growth,流量下滑但找不到原因的站点,流量下滑时无法判断是技术问题（抓取、索引）还是编辑问题（意图变化、竞争加剧），容易修错方向。,用两条独立证据区分：技术侧看抓取与索引健康度，编辑侧看目标查询的排名与意图漂移。,先确认站点可抓取、robots 与 sitemap 正常 | 检查索引与 canonical 是否发生变化 | 再看目标查询的排名趋势 | 对比同主题站点是否也在下滑，以区分行业性波动 | 两条都健康时才回到内容本身讨论；行业性结论必须有真实数据支撑，没有就不要下判断,如果整站抓取正常、目标查询排名稳定，但点击减少，更可能是结果页形态变化，而不是技术故障。,check_site,SEO Knowledge,,reddit | linkedin | email,30,Ready,yes,2026-09-28,,0,明确标注：涉及行业性结论时必须先取到真实数据
