page_id,path,path_zh,locale,page_type,primary_keyword,search_intent,problem,core_value,related_feature,related_checks,cta,cta_href,status,internal_links,notes
seo_issues_hub,/seo-issues,/zh/seo-issues,en+zh,Tool landing,seo issues checker,诊断（我网站到底有哪些问题，先看什么）,感觉网站有问题，但不知道该从哪一类查起,按「先挡抓取 / 再成片重复 / 后单页细节」给出检查顺序，并把每类问题接到免费审计,/features/seo-audit,robots-blocks-important | robots-unreachable | no-sitemap | duplicate-title | broken-links | orphan-pages | missing-canonical | slow-page | low-content,免费跑一次 SEO 审计 / Run a free SEO audit,/,Ready,/seo-issues/pages-not-indexed | /seo-issues/duplicate-title-tags | /seo-issues/broken-internal-links | /seo-issues/sitemap-errors | /seo-issues/missing-canonical | /seo-issues/thin-content | /seo-issues/orphan-pages | /seo-issues/slow-pages | /seo-issues/keyword-cannibalization | /features/seo-audit,H 的问题型入口总览页；与 /features/*、/guides/* 刻意分工：本组页面回答「这个现象是什么原因」，feature 页回答「这个功能是什么」
seo_issues_duplicate_title_tags,/seo-issues/duplicate-title-tags,/zh/seo-issues/duplicate-title-tags,en+zh,Problem landing,duplicate title tags,症状排查（两个页面标题一样，会怎样、怎么找）,站内多个页面共用同一个 title（或 H1 / meta description）,区分「症状」与「模板根因」，说明为什么必须改模板而不是逐页改文案,/features/seo-audit,duplicate-title | duplicate-description | duplicate-h1 | title-length | description-length,看哪些页面受影响 / See which pages are affected,/features/seo-audit,Ready,/seo-issues | /seo-issues/thin-content | /seo-issues/keyword-cannibalization | /features/seo-audit | /docs,症状诊断型入口；内容与检查项来自 src/lib/seo/landing-pages.ts（单一来源），改动内容请改代码后重新生成本表
seo_issues_missing_canonical,/seo-issues/missing-canonical,/zh/seo-issues/missing-canonical,en+zh,Problem landing,missing canonical tag,症状排查（页面没有 canonical，会有什么后果）,页面缺少 canonical，或同一内容的多个 URL 没有指向规范版本,说明 canonical 缺失的实际后果（选择权交给搜索引擎），以及哪些 URL 形态最容易出问题,/features/seo-audit,missing-canonical | redirected-urls | duplicate-description,看哪些页面受影响 / See which pages are affected,/features/seo-audit,Ready,/seo-issues | /seo-issues/pages-not-indexed | /seo-issues/duplicate-title-tags | /features/seo-audit | /docs,症状诊断型入口；内容与检查项来自 src/lib/seo/landing-pages.ts（单一来源），改动内容请改代码后重新生成本表
seo_issues_pages_not_indexed,/seo-issues/pages-not-indexed,/zh/seo-issues/pages-not-indexed,en+zh,Problem landing,pages not indexed by google,症状排查（站点搜不到 / 页面不收录）,整站或部分页面在搜索结果里找不到，写再多内容也没用,把「不收录」拆成抓取访问、sitemap 覆盖、孤立页、层级过深四类可排查的原因,/features/seo-audit,robots-blocks-important | robots-unreachable | sitemap-coverage | orphan-pages | deep-pages,检查你的网站 / Check your site,/features/seo-audit,Ready,/seo-issues | /seo-issues/sitemap-errors | /seo-issues/orphan-pages | /seo-issues/missing-canonical | /features/seo-audit,症状诊断型入口；内容与检查项来自 src/lib/seo/landing-pages.ts（单一来源），改动内容请改代码后重新生成本表
seo_issues_broken_internal_links,/seo-issues/broken-internal-links,/zh/seo-issues/broken-internal-links,en+zh,Problem landing,broken internal links,症状排查（站内链接 404 / 跳转链太长）,站内链接指向 404 或经过多次跳转，浪费抓取并削弱权重传递,区分断链、指向跳转的链接与跳转链，说明为什么改内链比加跳转更划算,/features/seo-audit,broken-links | broken-crawled-pages | links-to-redirects | redirect-chain | redirect-loop,看哪些页面受影响 / See which pages are affected,/features/seo-audit,Ready,/seo-issues | /seo-issues/pages-not-indexed | /seo-issues/sitemap-errors | /features/seo-audit | /guides/how-to-do-a-technical-seo-audit,症状诊断型入口；内容与检查项来自 src/lib/seo/landing-pages.ts（单一来源），改动内容请改代码后重新生成本表
seo_issues_sitemap_errors,/seo-issues/sitemap-errors,/zh/seo-issues/sitemap-errors,en+zh,Problem landing,sitemap errors,症状排查（sitemap 无效 / 包含坏 URL）,sitemap 打不开、格式无效，或其中包含错误 URL 与跳转 URL,把 sitemap 失效拆成四种可分别修复的形态，而不是笼统说「sitemap 有问题」,/features/seo-audit,no-sitemap | sitemap-invalid | sitemap-bad-urls | sitemap-redirects | sitemap-coverage,检查你的网站 / Check your site,/features/seo-audit,Ready,/seo-issues | /seo-issues/pages-not-indexed | /seo-issues/broken-internal-links | /features/seo-audit | /guides/how-to-do-a-technical-seo-audit,症状诊断型入口；内容与检查项来自 src/lib/seo/landing-pages.ts（单一来源），改动内容请改代码后重新生成本表
seo_issues_slow_pages,/seo-issues/slow-pages,/zh/seo-issues/slow-pages,en+zh,Problem landing,slow pages seo,症状排查（哪些慢页面真的要紧）,站点整体偏慢，但不知道该优化哪几个页面,按「被抓取频率 × 业务重要性」挑选页面，而不是按性能评分低分排序,/features/seo-audit,slow-page | inline-css,检查你的网站 / Check your site,/features/seo-audit,Ready,/seo-issues | /seo-issues/pages-not-indexed | /seo-issues/thin-content | /features/seo-audit | /features/rank-tracking,症状诊断型入口；内容与检查项来自 src/lib/seo/landing-pages.ts（单一来源），改动内容请改代码后重新生成本表
seo_issues_thin_content,/seo-issues/thin-content,/zh/seo-issues/thin-content,en+zh,Problem landing,thin content pages,症状排查（内容太少 / 页面没有回答到问题）,页面字数是够了，但没有回答搜索者真正问的问题,说明薄内容的判断标准是覆盖度而不是字数，并区分两个不同的检查信号,/features/content-optimization,low-content | low-text-html-ratio | no-h2-h3 | semantic-html,把页面和当前头部结果比一比 / Score a page against the current top results,/features/content-optimization,Ready,/seo-issues | /seo-issues/duplicate-title-tags | /seo-issues/keyword-cannibalization | /features/content-optimization | /features/seo-audit,症状诊断型入口；内容与检查项来自 src/lib/seo/landing-pages.ts（单一来源），改动内容请改代码后重新生成本表
seo_issues_orphan_pages,/seo-issues/orphan-pages,/zh/seo-issues/orphan-pages,en+zh,Problem landing,orphan pages seo,症状排查（页面没有内链、发现不了）,有些页面没有任何站内链接指向，只能靠 sitemap 被发现,说明孤立页同时缺失发现路径与权重路径，并给出补内链的最小做法,/features/seo-audit,orphan-pages | zero-internal-links | deep-pages,看哪些页面受影响 / See which pages are affected,/features/seo-audit,Ready,/seo-issues | /seo-issues/pages-not-indexed | /seo-issues/broken-internal-links | /seo-issues/sitemap-errors | /features/seo-audit,症状诊断型入口；内容与检查项来自 src/lib/seo/landing-pages.ts（单一来源），改动内容请改代码后重新生成本表
seo_issues_keyword_cannibalization,/seo-issues/keyword-cannibalization,/zh/seo-issues/keyword-cannibalization,en+zh,Problem landing,keyword cannibalization,症状排查（站点两页争同一个词，两边都不稳）,同一站点两篇内容争抢同一个查询，两边排名都不稳定,说明这是从排名数据诊断（不是爬虫检查），并给出合并/改写/内链三种收敛方式,/features/rank-tracking,duplicate-title | duplicate-description,修完之后跟踪变化 / Track the change after you fix it,/features/rank-tracking,Ready,/seo-issues | /seo-issues/duplicate-title-tags | /seo-issues/thin-content | /features/keyword-research | /features/rank-tracking,症状诊断型入口；内容与检查项来自 src/lib/seo/landing-pages.ts（单一来源），改动内容请改代码后重新生成本表
